DateTime,S&P 500 Index,Open-to-Close Return,DateTime,Navigator 1,,,
2015-02-16 00:00:00,9,29,0,59,2015-02-16 00:00:00,,
2015-02-23 00:00:00,5,416,0,"4,4E+016",2015-02-23 00:00:00,,
2015-03-02 00:00:00,8,584,0,"3,1E+016",2015-03-02 00:00:00,,
2015-03-09 00:00:00,10,224,0,142,2015-03-09 00:00:00,,
2015-03-16 00:00:00,11,822,0,5199999999999999,2015-03-16 00:00:00,,
2015-03-23 00:00:00,9,28,0,"1,96666666666667E+016",2015-03-23 00:00:00,,
2015-03-30 00:00:00,10,6775,0,1E+016,2015-03-30 00:00:00,,
2015-04-06 00:00:00,6,965999999999999,0,"1,06E+016",2015-04-06 00:00:00,,
2015-04-13 00:00:00,9,175999999999998,0,5600000000000001,2015-04-13 00:00:00,,
2015-04-20 00:00:00,6,148000000000001,0,4800000000000001,2015-04-20 00:00:00,,
2015-04-27 00:00:00,9,744,0,5399999999999999,2015-04-27 00:00:00,,
2015-05-04 00:00:00,9,918000000000001,0,"1,18E+016",2015-05-04 00:00:00,,
2015-05-11 00:00:00,7,494,0,"2,24E+016",2015-05-11 00:00:00,,
2015-05-18 00:00:00,5,4425,0,225,2015-05-18 00:00:00,,
2015-05-25 00:00:00,8,314,0,13,2015-05-25 00:00:00,,
2015-06-01 00:00:00,8,453999999999999,0,27,2015-06-01 00:00:00,,
2015-06-08 00:00:00,8,972,0,7200000000000004,2015-06-08 00:00:00,,
2015-06-15 00:00:00,7,843999999999999,0,312,2015-06-15 00:00:00,,
2015-06-22 00:00:00,6,"9,88E+015",0,6,2015-06-22 00:00:00,,
2015-06-29 00:00:00,9,7125,0,675,2015-06-29 00:00:00,,
2015-07-06 00:00:00,14,428000000000003,0,25,2015-07-06 00:00:00,,
2015-07-13 00:00:00,4,88,0,188,2015-07-13 00:00:00,,
2015-07-20 00:00:00,7,65,0,544,2015-07-20 00:00:00,,
2015-07-27 00:00:00,7,703999999999999,0,"2,32E+016",2015-07-27 00:00:00,,
2015-08-03 00:00:00,9,172,0,4000000000000026,2015-08-03 00:00:00,,
2015-08-10 00:00:00,10,52,0,6999999999999999,2015-08-10 00:00:00,,
2015-08-17 00:00:00,26,35999999999994,-1,8720000000000003,2015-08-17 00:00:00,,
2015-08-24 00:00:00,27,518,0,6960000000000001,2015-08-24 00:00:00,,
2015-08-31 00:00:00,21,185000000000002,0,6475,2015-08-31 00:00:00,,
2015-09-07 00:00:00,16,369999999999997,0,"2,28E+016",2015-09-07 00:00:00,,
2015-09-14 00:00:00,14,982,0,8999999999999997,2015-09-14 00:00:00,,
2015-09-21 00:00:00,15,898,0,806,2015-09-21 00:00:00,,
2015-09-28 00:00:00,18,387999999999998,1,259999999999998,2015-09-28 00:00:00,,
2015-10-05 00:00:00,10,28,0,2879999999999999,2015-10-05 00:00:00,,
2015-10-12 00:00:00,9,163999999999998,0,17,2015-10-12 00:00:00,,
2015-10-19 00:00:00,11,225,0,"3,85E+016",2015-10-19 00:00:00,,
2015-10-26 00:00:00,8,632000000000001,0,7199999999999998,2015-10-26 00:00:00,,
2015-11-02 00:00:00,9,42,0,"2,06E+016",2015-11-02 00:00:00,,
2015-11-09 00:00:00,10,84,0,674,2015-11-09 00:00:00,,
2015-11-16 00:00:00,9,943999999999999,0,616,2015-11-16 00:00:00,,
2015-11-23 00:00:00,6,262499999999999,0,4E+016,2015-11-23 00:00:00,,
2015-11-30 00:00:00,11,584,0,"2,8E+016",2015-11-30 00:00:00,,
2015-12-07 00:00:00,15,552000000000001,0,652,2015-12-07 00:00:00,,
2015-12-14 00:00:00,16,76,0,"1,38E+016",2015-12-14 00:00:00,,
2015-12-21 00:00:00,9,155,0,5725,2015-12-21 00:00:00,,
2015-12-28 00:00:00,9,65,0,175,2015-12-28 00:00:00,,
2016-01-04 00:00:00,20,994,-1,108,2016-01-04 00:00:00,,
2016-01-11 00:00:00,24,369999999999997,0,512,2016-01-11 00:00:00,,
2016-01-18 00:00:00,25,42,0,"1,65E+016",2016-01-18 00:00:00,,
2016-01-25 00:00:00,17,88,0,298,2016-01-25 00:00:00,,
2016-02-01 00:00:00,19,588,0,5700000000000001,2016-02-01 00:00:00,,
2016-02-08 00:00:00,21,86,0,8800000000000001,2016-02-08 00:00:00,,
2016-02-15 00:00:00,12,385,0,5700000000000001,2016-02-15 00:00:00,,
2016-02-22 00:00:00,13,809999999999999,0,252,2016-02-22 00:00:00,,
2016-02-29 00:00:00,11,0,"4,9E+016",2016-02-29 00:00:00,,,
2016-03-07 00:00:00,12,13,0,"2,04E+016",2016-03-07 00:00:00,,
2016-03-14 00:00:00,8,260000000000002,0,"3,56E+016",2016-03-14 00:00:00,,
2016-03-21 00:00:00,7,38,0,4E+016,2016-03-21 00:00:00,,
2016-03-28 00:00:00,8,844,0,294,2016-03-28 00:00:00,,
2016-04-04 00:00:00,11,203999999999999,0,"2,26E+016",2016-04-04 00:00:00,,
2016-04-11 00:00:00,7,44,0,454,2016-04-11 00:00:00,,
2016-04-18 00:00:00,7,62,0,5800000000000001,2016-04-18 00:00:00,,
2016-04-25 00:00:00,9,193999999999999,0,2E+016,2016-04-25 00:00:00,,
2016-05-02 00:00:00,9,606,0,"1,4E+016",2016-05-02 00:00:00,,
2016-05-09 00:00:00,8,51,0,44,2016-05-09 00:00:00,,
2016-05-16 00:00:00,10,87,0,126,2016-05-16 00:00:00,,
2016-05-23 00:00:00,6,800000000000001,0,5025,2016-05-23 00:00:00,,
2016-05-30 00:00:00,7,892,0,118,2016-05-30 00:00:00,,
2016-06-06 00:00:00,7,81999999999999,0,"1,64E+016",2016-06-06 00:00:00,,
2016-06-13 00:00:00,10,738000000000001,0,1399999999999998,2016-06-13 00:00:00,,
2016-06-20 00:00:00,15,447999999999999,0,7620000000000001,2016-06-20 00:00:00,,
2016-06-27 00:00:00,10,3125,1,475,2016-06-27 00:00:00,,
2016-07-04 00:00:00,8,463999999999999,0,"3,14E+016",2016-07-04 00:00:00,,
2016-07-11 00:00:00,6,36,0,"1,64E+016",2016-07-11 00:00:00,,
2016-07-18 00:00:00,4,691999999999999,0,"1,8E+016",2016-07-18 00:00:00,,
2016-07-25 00:00:00,7,147999999999999,0,3E+016,2016-07-25 00:00:00,,
2016-08-01 00:00:00,5,51,0,4800000000000002,2016-08-01 00:00:00,,
2016-08-08 00:00:00,4,618,0,"3,8E+016",2016-08-08 00:00:00,,
2016-08-15 00:00:00,6,388,0,"1,4E+016",2016-08-15 00:00:00,,
2016-08-22 00:00:00,6,598000000000001,0,"5,8E+016",2016-08-22 00:00:00,,
2016-08-29 00:00:00,6,725,0,5,2016-08-29 00:00:00,,
2016-09-05 00:00:00,7,494,0,"1,6E+016",2016-09-05 00:00:00,,
2016-09-12 00:00:00,10,738000000000001,0,148,2016-09-12 00:00:00,,
2016-09-19 00:00:00,7,2780000000000005,0,2400000000000001,2016-09-19 00:00:00,,
2016-09-26 00:00:00,8,97,0,"1,24E+016",2016-09-26 00:00:00,,
2016-10-03 00:00:00,7,766,0,118,2016-10-03 00:00:00,,
2016-10-10 00:00:00,8,488,0,"3,08E+016",2016-10-10 00:00:00,,
2016-10-17 00:00:00,6,1,0,68,2016-10-17 00:00:00,,
2016-10-24 00:00:00,8,15,0,2375,2016-10-24 00:00:00,,
2016-10-31 00:00:00,7,296000000000001,0,382,2016-10-31 00:00:00,,
2016-11-07 00:00:00,12,850000000000003,0,6900000000000001,2016-11-07 00:00:00,,
2016-11-14 00:00:00,5,206,0,"1,28E+016",2016-11-14 00:00:00,,
2016-11-21 00:00:00,4,165,0,"2,975E+016",2016-11-21 00:00:00,,
2016-11-28 00:00:00,6,72,0,166,2016-11-28 00:00:00,,
2016-12-05 00:00:00,5,7059999999999995,0,4820000000000001,2016-12-05 00:00:00,,
2016-12-12 00:00:00,8,129999999999999,0,8000000000000002,2016-12-12 00:00:00,,
2016-12-19 00:00:00,3,832,0,"3,2E+016",2016-12-19 00:00:00,,
2016-12-26 00:00:00,6,874999999999995,0,33,2016-12-26 00:00:00,,
2017-01-02 00:00:00,6,3875,0,2425,2017-01-02 00:00:00,,
2017-01-09 00:00:00,6,468000000000001,0,"2,2E+016",2017-01-09 00:00:00,,
2017-01-16 00:00:00,5,335,0,65,2017-01-16 00:00:00,,
2017-01-23 00:00:00,4,24,0,"1,14E+016",2017-01-23 00:00:00,,
2017-01-30 00:00:00,6,5840000000000005,0,"5,2E+016",2017-01-30 00:00:00,,
2017-02-06 00:00:00,3,836,0,132,2017-02-06 00:00:00,,
2017-02-13 00:00:00,4,494000000000001,0,312,2017-02-13 00:00:00,,
2017-02-20 00:00:00,4,83,0,"1,975E+016",2017-02-20 00:00:00,,
2017-02-27 00:00:00,4,709999999999999,0,5600000000000001,2017-02-27 00:00:00,,
2017-03-06 00:00:00,5,6240000000000006,0,6,2017-03-06 00:00:00,,
2017-03-13 00:00:00,4,826,0,1E+016,2017-03-13 00:00:00,,
2017-03-20 00:00:00,8,143333333333333,0,"1,96666666666667E+016",2017-03-20 00:00:00,,
2017-03-27 00:00:00,6,226,0,"2,12E+016",2017-03-27 00:00:00,,
2017-04-03 00:00:00,7,264,0,"4,8E+016",2017-04-03 00:00:00,,
2017-04-10 00:00:00,6,7075,0,"4,25E+016",2017-04-10 00:00:00,,
2017-04-17 00:00:00,5,526,0,"1,6E+016",2017-04-17 00:00:00,,
2017-04-24 00:00:00,5,61999999999999,0,3400000000000001,2017-04-24 00:00:00,,
2017-05-01 00:00:00,4,41,0,5799999999999998,2017-05-01 00:00:00,,
2017-05-08 00:00:00,4,273999999999999,0,3399999999999999,2017-05-08 00:00:00,,
2017-05-15 00:00:00,6,944,0,1400000000000003,2017-05-15 00:00:00,,
2017-05-22 00:00:00,3,49,0,115,2017-05-22 00:00:00,,
2017-05-29 00:00:00,4,377999999999999,0,14,2017-05-29 00:00:00,,
2017-06-05 00:00:00,6,108,0,"2,8E+016",2017-06-05 00:00:00,,
2017-06-12 00:00:00,4,9,0,172,2017-06-12 00:00:00,,
2017-06-19 00:00:00,5,272,0,168,2017-06-19 00:00:00,,
2017-06-26 00:00:00,6,824,0,292,2017-06-26 00:00:00,,
2017-07-03 00:00:00,5,1675,0,3249999999999999,2017-07-03 00:00:00,,
2017-07-10 00:00:00,4,529999999999999,0,152,2017-07-10 00:00:00,,
2017-07-17 00:00:00,3,5100000000000002,0,"1,38E+016",2017-07-17 00:00:00,,
2017-07-24 00:00:00,4,36,0,98,2017-07-24 00:00:00,,
2017-07-31 00:00:00,3,"9,38E+015",0,4,2017-07-31 00:00:00,,
2017-08-07 00:00:00,6,3,0,9000000000000004,2017-08-07 00:00:00,,
2017-08-14 00:00:00,6,604000000000001,0,3,2017-08-14 00:00:00,,
2017-08-21 00:00:00,5,566,0,3799999999999999,2017-08-21 00:00:00,,
2017-08-28 00:00:00,4,31,0,3725,2017-08-28 00:00:00,,
2017-09-04 00:00:00,5,15,0,3999999999999992,2017-09-04 00:00:00,,
2017-09-11 00:00:00,2,966,0,"1,32E+016",2017-09-11 00:00:00,,
2017-09-18 00:00:00,4,352,0,22,2017-09-18 00:00:00,,
2017-09-25 00:00:00,3,8160000000000003,0,"1,88E+016",2017-09-25 00:00:00,,
2017-10-02 00:00:00,2,8419999999999996,0,"1,14E+016",2017-10-02 00:00:00,,
2017-10-09 00:00:00,3,22,0,"2,2E+016",2017-10-09 00:00:00,,
2017-10-16 00:00:00,3,66,0,3599999999999999,2017-10-16 00:00:00,,
2017-10-23 00:00:00,5,1525,0,25,2017-10-23 00:00:00,,
2017-10-30 00:00:00,4,816,0,"2,8E+016",2017-10-30 00:00:00,,
2017-11-06 00:00:00,4,4239999999999995,0,76,2017-11-06 00:00:00,,
2017-11-13 00:00:00,5,52,0,"1,04E+016",2017-11-13 00:00:00,,
2017-11-20 00:00:00,2,5375,0,115,2017-11-20 00:00:00,,
2017-11-27 00:00:00,8,437999999999999,0,"2,16E+016",2017-11-27 00:00:00,,
2017-12-04 00:00:00,5,529999999999999,0,86,2017-12-04 00:00:00,,
2017-12-11 00:00:00,4,621999999999999,0,5600000000000001,2017-12-11 00:00:00,,
2017-12-18 00:00:00,4,284000000000001,0,"1,04E+016",2017-12-18 00:00:00,,
2017-12-25 00:00:00,3,2,0,95,2017-12-25 00:00:00,,
2018-01-01 00:00:00,4,1775,0,"3,95E+016",2018-01-01 00:00:00,,
2018-01-08 00:00:00,4,862,0,278,2018-01-08 00:00:00,,
2018-01-15 00:00:00,6,3725000000000005,0,"1,25E+016",2018-01-15 00:00:00,,
2018-01-22 00:00:00,6,728,0,274,2018-01-22 00:00:00,,
2018-01-29 00:00:00,9,666,0,532,2018-01-29 00:00:00,,
2018-02-05 00:00:00,35,257999999999996,0,8039999999999999,2018-02-05 00:00:00,,
2018-02-12 00:00:00,13,58000000000002,0,798,2018-02-12 00:00:00,,
2018-02-19 00:00:00,12,29,0,1E+016,2018-02-19 00:00:00,,
2018-02-26 00:00:00,15,337999999999997,0,"4,44E+016",2018-02-26 00:00:00,,
2018-03-05 00:00:00,10,524000000000001,0,694,2018-03-05 00:00:00,,
2018-03-12 00:00:00,8,964000000000002,0,4720000000000001,2018-03-12 00:00:00,,
2018-03-19 00:00:00,15,248333333333335,0,6016666666666667,2018-03-19 00:00:00,,
2018-03-26 00:00:00,20,55,0,8200000000000001,2018-03-26 00:00:00,,
2018-04-02 00:00:00,17,348,0,"3,28E+016",2018-04-02 00:00:00,,
2018-04-09 00:00:00,10,806,0,"1,06E+016",2018-04-09 00:00:00,,
2018-04-16 00:00:00,8,312000000000001,0,"1,76E+016",2018-04-16 00:00:00,,
2018-04-23 00:00:00,12,78,0,442,2018-04-23 00:00:00,,
2018-04-30 00:00:00,12,244,0,"2,98E+016",2018-04-30 00:00:00,,
2018-05-07 00:00:00,7,62,0,308,2018-05-07 00:00:00,,
2018-05-14 00:00:00,7,686000000000002,0,44,2018-05-14 00:00:00,,
2018-05-21 00:00:00,7,4375,0,"2,5E+016",2018-05-21 00:00:00,,
2018-05-28 00:00:00,8,216,0,84,2018-05-28 00:00:00,,
2018-06-04 00:00:00,5,54,0,"2,16E+016",2018-06-04 00:00:00,,
2018-06-11 00:00:00,6,394,0,"1,4E+016",2018-06-11 00:00:00,,
2018-06-18 00:00:00,8,814,0,"3,14E+016",2018-06-18 00:00:00,,
2018-06-25 00:00:00,9,792,0,"2,2E+016",2018-06-25 00:00:00,,
2018-07-02 00:00:00,6,657500000000001,0,2725,2018-07-02 00:00:00,,
2018-07-09 00:00:00,5,98000000000001,0,"1,12E+016",2018-07-09 00:00:00,,
2018-07-16 00:00:00,4,805,0,155,2018-07-16 00:00:00,,
2018-07-23 00:00:00,7,281999999999999,0,7199999999999998,2018-07-23 00:00:00,,
2018-07-30 00:00:00,5,598000000000001,0,"3,26E+016",2018-07-30 00:00:00,,
2018-08-06 00:00:00,5,206,0,144,2018-08-06 00:00:00,,
2018-08-13 00:00:00,6,220000000000001,0,188,2018-08-13 00:00:00,,
2018-08-20 00:00:00,4,864,0,162,2018-08-20 00:00:00,,
2018-08-27 00:00:00,5,1025,0,"3,75E+016",2018-08-27 00:00:00,,
2018-09-03 00:00:00,7,388,0,96,2018-09-03 00:00:00,,
2018-09-10 00:00:00,6,182,0,5799999999999998,2018-09-10 00:00:00,,
2018-09-17 00:00:00,4,354000000000001,0,"1,12E+016",2018-09-17 00:00:00,,
2018-09-24 00:00:00,5,8740000000000006,0,78,2018-09-24 00:00:00,,
2018-10-01 00:00:00,8,825999999999999,0,"2,32E+016",2018-10-01 00:00:00,,
2018-10-08 00:00:00,19,144,-1,108,2018-10-08 00:00:00,,
2018-10-15 00:00:00,14,618,0,"1,36E+016",2018-10-15 00:00:00,,
2018-10-22 00:00:00,22,43,0,3775,2018-10-22 00:00:00,,
2018-10-29 00:00:00,18,152,0,46,2018-10-29 00:00:00,,
2018-11-05 00:00:00,10,244000000000002,0,4E+016,2018-11-05 00:00:00,,
2018-11-12 00:00:00,17,568,0,264,2018-11-12 00:00:00,,
2018-11-19 00:00:00,13,52,0,57,2018-11-19 00:00:00,,
2018-11-26 00:00:00,11,904,0,8619999999999999,2018-11-26 00:00:00,,
2018-12-03 00:00:00,20,9925,0,"9,925E+015",2018-12-03 00:00:00,,
2018-12-10 00:00:00,18,224,0,5,2018-12-10 00:00:00,,
2018-12-17 00:00:00,26,758,-1,418,2018-12-17 00:00:00,,
2018-12-24 00:00:00,29,160000000000004,0,8925000000000001,2018-12-24 00:00:00,,
2018-12-31 00:00:00,19,630000000000003,0,54,2018-12-31 00:00:00,,
2019-01-07 00:00:00,12,132000000000001,0,438,2019-01-07 00:00:00,,
2019-01-14 00:00:00,9,97,0,566,2019-01-14 00:00:00,,
2019-01-21 00:00:00,10,5575,0,"1,75E+016",2019-01-21 00:00:00,,
2019-01-28 00:00:00,10,85,0,"3,3E+016",2019-01-28 00:00:00,,
2019-02-04 00:00:00,8,452,0,"2,08E+016",2019-02-04 00:00:00,,
2019-02-11 00:00:00,7,464,0,278,2019-02-11 00:00:00,,
2019-02-18 00:00:00,6,785,0,21,2019-02-18 00:00:00,,
2019-02-25 00:00:00,6,8260000000000005,0,2E+016,2019-02-25 00:00:00,,
2019-03-04 00:00:00,9,95,0,358,2019-03-04 00:00:00,,
2019-03-11 00:00:00,6,27,0,442,2019-03-11 00:00:00,,
2019-03-18 00:00:00,10,784,0,"9,2E+015",2019-03-18 00:00:00,,
2019-03-25 00:00:00,9,363333333333333,0,"1,4E+016",2019-03-25 00:00:00,,
2019-04-01 00:00:00,5,458,0,12,2019-04-01 00:00:00,,
2019-04-08 00:00:00,5,840000000000005,0,2E+016,2019-04-08 00:00:00,,
2019-04-15 00:00:00,5,5575,0,975,2019-04-15 00:00:00,,
2019-04-22 00:00:00,5,904000000000001,0,"2,08E+016",2019-04-22 00:00:00,,
2019-04-29 00:00:00,8,120000000000001,0,1E+016,2019-04-29 00:00:00,,
2019-05-06 00:00:00,15,172,0,196,2019-05-06 00:00:00,,
2019-05-13 00:00:00,10,838,0,454,2019-05-13 00:00:00,,
2019-05-20 00:00:00,8,2175,0,8249999999999999,2019-05-20 00:00:00,,
2019-05-27 00:00:00,11,940000000000001,0,396,2019-05-27 00:00:00,,
2019-06-03 00:00:00,8,872,0,604,2019-06-03 00:00:00,,
2019-06-10 00:00:00,6,484,0,"1,02E+016",2019-06-10 00:00:00,,
2019-06-17 00:00:00,7,8375,0,1675,2019-06-17 00:00:00,,
2019-06-24 00:00:00,6,601999999999999,0,238,2019-06-24 00:00:00,,
2019-07-01 00:00:00,5,6625,0,24,2019-07-01 00:00:00,,
2019-07-08 00:00:00,5,920000000000005,0,166,2019-07-08 00:00:00,,
2019-07-15 00:00:00,6,382000000000001,0,248,2019-07-15 00:00:00,,
2019-07-22 00:00:00,5,366,0,"1,9E+016",2019-07-22 00:00:00,,
2019-07-29 00:00:00,15,347999999999999,0,836,2019-07-29 00:00:00,,
2019-08-05 00:00:00,13,632,0,358,2019-08-05 00:00:00,,
2019-08-12 00:00:00,14,646,0,"1,22E+016",2019-08-12 00:00:00,,
2019-08-19 00:00:00,12,508,0,516,2019-08-19 00:00:00,,
2019-08-26 00:00:00,9,8875,0,4000000000000001,2019-08-26 00:00:00,,
2019-09-02 00:00:00,7,164,0,1E+016,2019-09-02 00:00:00,,
2019-09-09 00:00:00,7,114,0,162,2019-09-09 00:00:00,,
2019-09-16 00:00:00,7,436000000000002,0,"1,6E+016",2019-09-16 00:00:00,,
2019-09-23 00:00:00,9,739999999999998,0,"2,7E+016",2019-09-23 00:00:00,,
2019-09-30 00:00:00,14,294,0,"1,84E+016",2019-09-30 00:00:00,,
2019-10-07 00:00:00,10,292,0,"5,2E+016",2019-10-07 00:00:00,,
2019-10-14 00:00:00,6,204,0,128,2019-10-14 00:00:00,,
2019-10-21 00:00:00,6,3525,0,875,2019-10-21 00:00:00,,
2019-10-28 00:00:00,6,372000000000001,0,15,2019-10-28 00:00:00,,
2019-11-04 00:00:00,4,856,0,32,2019-11-04 00:00:00,,
2019-11-11 00:00:00,5,5,0,"2,44E+016",2019-11-11 00:00:00,,
2019-11-18 00:00:00,6,265,0,1575,2019-11-18 00:00:00,,
2019-11-25 00:00:00,3,39,0,185,2019-11-25 00:00:00,,
2019-12-02 00:00:00,6,880000000000001,0,2799999999999998,2019-12-02 00:00:00,,
2019-12-09 00:00:00,7,411999999999999,0,"1,66E+016",2019-12-09 00:00:00,,
2019-12-16 00:00:00,3,3725,0,"2,75E+016",2019-12-16 00:00:00,,
2019-12-23 00:00:00,3,2525000000000004,0,"1,5E+016",2019-12-23 00:00:00,,
2019-12-30 00:00:00,7,285,0,"1,4E+016",2019-12-30 00:00:00,,
2020-01-06 00:00:00,6,5760000000000005,0,192,2020-01-06 00:00:00,,
2020-01-13 00:00:00,5,1579999999999995,0,248,2020-01-13 00:00:00,,
2020-01-20 00:00:00,7,555,0,"2,75E+016",2020-01-20 00:00:00,,
2020-01-27 00:00:00,10,139999999999999,0,"1,82E+016",2020-01-27 00:00:00,,
2020-02-03 00:00:00,8,216,0,198,2020-02-03 00:00:00,,
2020-02-10 00:00:00,6,82000000000001,0,27,2020-02-10 00:00:00,,
2020-02-17 00:00:00,8,985,0,1725,2020-02-17 00:00:00,,
2020-02-24 00:00:00,33,36,-1,3359999999999999,2020-02-24 00:00:00,,
2020-03-02 00:00:00,34,67999999999999,0,"4,82E+016",2020-03-02 00:00:00,,
2020-03-09 00:00:00,68,826,-1,96,2020-03-09 00:00:00,,
2020-03-16 00:00:00,75,506,-1,428,2020-03-16 00:00:00,,
2020-03-23 00:00:00,50,31833333333333,1,5866666666666667,2020-03-23 00:00:00,,
2020-03-30 00:00:00,29,345999999999997,0,5199999999999999,2020-03-30 00:00:00,,
2020-04-06 00:00:00,28,22,0,"2,225E+016",2020-04-06 00:00:00,,
2020-04-13 00:00:00,18,595999999999997,0,266,2020-04-13 00:00:00,,
2020-04-20 00:00:00,16,358,0,3199999999999994,2020-04-20 00:00:00,,
2020-04-27 00:00:00,16,6325,0,7150000000000001,2020-04-27 00:00:00,,
2020-05-04 00:00:00,12,566,0,"1,4E+016",2020-05-04 00:00:00,,
2020-05-11 00:00:00,20,368000000000002,0,"1,18E+016",2020-05-11 00:00:00,,
2020-05-18 00:00:00,12,535,0,1875,2020-05-18 00:00:00,,
2020-05-25 00:00:00,13,562000000000001,0,"1,76E+016",2020-05-25 00:00:00,,
2020-06-01 00:00:00,10,813999999999998,0,65,2020-06-01 00:00:00,,
2020-06-08 00:00:00,22,742,0,6900000000000002,2020-06-08 00:00:00,,
2020-06-15 00:00:00,17,7625,0,4525,2020-06-15 00:00:00,,
2020-06-22 00:00:00,17,669999999999998,0,"4,12E+016",2020-06-22 00:00:00,,
2020-06-29 00:00:00,12,24,0,5650000000000001,2020-06-29 00:00:00,,
2020-07-06 00:00:00,14,948000000000002,0,"2,82E+016",2020-07-06 00:00:00,,
2020-07-13 00:00:00,13,82500000000001,0,5125,2020-07-13 00:00:00,,
2020-07-20 00:00:00,10,94000000000001,0,5400000000000001,2020-07-20 00:00:00,,
2020-07-27 00:00:00,10,952000000000002,0,"2,32E+016",2020-07-27 00:00:00,,
2020-08-03 00:00:00,8,264,0,"4,16E+016",2020-08-03 00:00:00,,
2020-08-10 00:00:00,8,108,0,3400000000000001,2020-08-10 00:00:00,,
2020-08-17 00:00:00,7,135,0,16,2020-08-17 00:00:00,,
2020-08-24 00:00:00,8,32,0,355,2020-08-24 00:00:00,,
2020-08-31 00:00:00,20,5975,0,585,2020-08-31 00:00:00,,
2020-09-07 00:00:00,17,586,0,458,2020-09-07 00:00:00,,
2020-09-14 00:00:00,15,811999999999998,0,386,2020-09-14 00:00:00,,
2020-09-21 00:00:00,16,304,0,"2,3E+016",2020-09-21 00:00:00,,
2020-09-28 00:00:00,15,136000000000001,0,3E+016,2020-09-28 00:00:00,,
2020-10-05 00:00:00,11,78,0,2839999999999999,2020-10-05 00:00:00,,
2020-10-12 00:00:00,12,234,0,5480000000000002,2020-10-12 00:00:00,,
2020-10-19 00:00:00,12,9525,0,1125,2020-10-19 00:00:00,,
2020-10-26 00:00:00,18,782,0,6759999999999999,2020-10-26 00:00:00,,
2020-11-02 00:00:00,16,898000000000003,0,638,2020-11-02 00:00:00,,
2020-11-09 00:00:00,15,175999999999998,0,76,2020-11-09 00:00:00,,
2020-11-16 00:00:00,9,988000000000001,0,96,2020-11-16 00:00:00,,
2020-11-23 00:00:00,7,5425,0,"3,175E+016",2020-11-23 00:00:00,,
2020-11-30 00:00:00,8,384,0,"2,52E+016",2020-11-30 00:00:00,,
2020-12-07 00:00:00,8,32,0,8000000000000007,2020-12-07 00:00:00,,
2020-12-14 00:00:00,8,354000000000001,0,4E+016,2020-12-14 00:00:00,,
2020-12-21 00:00:00,8,7275,0,375,2020-12-21 00:00:00,,
2020-12-28 00:00:00,5,609999999999999,0,"5,25E+016",2020-12-28 00:00:00,,
2021-01-04 00:00:00,14,524000000000001,0,268,2021-01-04 00:00:00,,
2021-01-11 00:00:00,9,175,0,"2,15E+016",2021-01-11 00:00:00,,
2021-01-18 00:00:00,7,165,0,2975,2021-01-18 00:00:00,,
2021-01-25 00:00:00,18,584000000000003,0,6679999999999999,2021-01-25 00:00:00,,
2021-02-01 00:00:00,9,224,0,5780000000000001,2021-02-01 00:00:00,,
2021-02-08 00:00:00,7,978,0,188,2021-02-08 00:00:00,,
2021-02-15 00:00:00,8,1325,0,6999999999999999,2021-02-15 00:00:00,,
2000-01-03 00:00:00,,,2000-01-03 00:00:00,19,78,,
2000-01-24 21:48:53,,,2000-01-24 21:48:53,18,28888888888886,,
2000-02-07 21:48:53,,,2000-02-07 21:48:53,17,913999999999998,,
2000-02-21 21:48:53,,,2000-02-21 21:48:53,19,71111111111111,,
2000-03-06 21:48:53,,,2000-03-06 21:48:53,18,639,,
2000-03-20 21:48:53,,,2000-03-20 21:48:53,20,357999999999997,,
2000-04-03 21:48:53,,,2000-04-03 21:48:53,23,558,,
2000-04-17 21:48:53,,,2000-04-17 21:48:53,26,374444444444446,,
2000-05-01 21:48:53,,,2000-05-01 21:48:53,17,404,,
2000-05-15 21:48:53,,,2000-05-15 21:48:53,20,705000000000002,,
2000-05-29 21:48:53,,,2000-05-29 21:48:53,20,402222222222225,,
2000-06-12 21:48:53,,,2000-06-12 21:48:53,12,331,,
2000-06-26 21:48:53,,,2000-06-26 21:48:53,11,995,,
2000-07-10 21:48:53,,,2000-07-10 21:48:53,11,167777777777777,,
2000-07-24 21:48:53,,,2000-07-24 21:48:53,14,350000000000003,,
2000-08-07 21:48:53,,,2000-08-07 21:48:53,10,763,,
2000-08-21 21:48:53,,,2000-08-21 21:48:53,9,144000000000002,,
2000-09-04 21:48:53,,,2000-09-04 21:48:53,10,6666666666668,,
2000-09-18 21:48:53,,,2000-09-18 21:48:53,12,819999999999999,,
2000-10-02 21:48:53,,,2000-10-02 21:48:53,16,378,,
2000-10-16 21:48:53,,,2000-10-16 21:48:53,23,823999999999998,,
2000-10-30 21:48:53,,,2000-10-30 21:48:53,17,583333333333332,,
2000-11-13 21:48:53,,,2000-11-13 21:48:53,19,185,,
2000-11-27 21:48:53,,,2000-11-27 21:48:53,19,52111111111111,,
2000-12-11 21:48:53,,,2000-12-11 21:48:53,16,633999999999997,,
2000-12-25 21:48:53,,,2000-12-25 21:48:53,20,41,,
2001-01-08 21:48:53,,,2001-01-08 21:48:53,24,43888888888889,,
2001-01-22 21:48:53,,,2001-01-22 21:48:53,13,324444444444444,,
2001-02-05 21:48:53,,,2001-02-05 21:48:53,10,831,,
2001-02-19 21:48:53,,,2001-02-19 21:48:53,19,235555555555553,,
2001-03-05 21:48:53,,,2001-03-05 21:48:53,19,493333333333336,,
2001-03-19 21:48:53,,,2001-03-19 21:48:53,28,439000000000004,,
2001-04-02 21:48:53,,,2001-04-02 21:48:53,24,267,,
2001-04-16 21:48:53,,,2001-04-16 21:48:53,17,963333333333335,,
2001-04-30 21:48:53,,,2001-04-30 21:48:53,16,743999999999996,,
2001-05-14 21:48:53,,,2001-05-14 21:48:53,14,139000000000001,,
2001-05-28 21:48:53,,,2001-05-28 21:48:53,12,365555555555556,,
2001-06-11 21:48:53,,,2001-06-11 21:48:53,14,509,,
2001-06-25 21:48:53,,,2001-06-25 21:48:53,14,866999999999999,,
2001-07-09 21:48:53,,,2001-07-09 21:48:53,14,117777777777777,,
2001-07-23 21:48:53,,,2001-07-23 21:48:53,14,600999999999999,,
2001-08-06 21:48:53,,,2001-08-06 21:48:53,13,97999999999999,,
2001-08-20 21:48:53,,,2001-08-20 21:48:53,11,211000000000002,,
2001-09-03 21:48:53,,,2001-09-03 21:48:53,18,16666666666666,,
2001-09-17 21:48:53,,,2001-09-17 21:48:53,63,85,,
2001-09-24 21:48:53,,,2001-09-24 21:48:53,29,486,,
2001-10-08 21:48:53,,,2001-10-08 21:48:53,19,926666666666662,,
2001-10-22 21:48:53,,,2001-10-22 21:48:53,17,8222222222222,,
2001-11-05 21:48:53,,,2001-11-05 21:48:53,19,468999999999998,,
2001-11-19 21:48:53,,,2001-11-19 21:48:53,13,807777777777778,,
2001-12-03 21:48:53,,,2001-12-03 21:48:53,13,721,,
2001-12-17 21:48:53,,,2001-12-17 21:48:53,12,712,,
2001-12-31 21:48:53,,,2001-12-31 21:48:53,11,77625,,
2002-01-14 21:48:53,,,2002-01-14 21:48:53,10,861,,
2002-01-28 21:48:53,,,2002-01-28 21:48:53,12,831111111111113,,
2002-02-11 21:48:53,,,2002-02-11 21:48:53,15,821999999999997,,
2002-02-25 21:48:53,,,2002-02-25 21:48:53,17,20888888888889,,
2002-03-11 21:48:53,,,2002-03-11 21:48:53,12,690999999999999,,
2002-03-25 21:48:53,,,2002-03-25 21:48:53,13,337,,
2002-04-08 21:48:53,,,2002-04-08 21:48:53,12,378,,
2002-04-22 21:48:53,,,2002-04-22 21:48:53,12,841,,
2002-05-06 21:48:53,,,2002-05-06 21:48:53,16,4,,
2002-05-20 21:48:53,,,2002-05-20 21:48:53,14,38888888888889,,
2002-06-03 21:48:53,,,2002-06-03 21:48:53,16,381999999999998,,
2002-06-17 21:48:53,,,2002-06-17 21:48:53,22,46000000000003,,
2002-07-01 21:48:53,,,2002-07-01 21:48:53,24,371111111111116,,
2002-07-15 21:48:53,,,2002-07-15 21:48:53,36,2,,
2002-07-29 21:48:53,,,2002-07-29 21:48:53,36,338,,
2002-08-12 21:48:53,,,2002-08-12 21:48:53,29,629999999999995,,
2002-08-26 21:48:53,,,2002-08-26 21:48:53,22,35666666666667,,
2002-09-09 21:48:53,,,2002-09-09 21:48:53,23,282999999999998,,
2002-09-23 21:48:53,,,2002-09-23 21:48:53,26,60300000000001,,
2002-10-07 21:48:53,,,2002-10-07 21:48:53,32,434999999999995,,
2002-10-21 21:48:53,,,2002-10-21 21:48:53,25,441111111111113,,
2002-11-04 21:48:53,,,2002-11-04 21:48:53,23,282222222222217,,
2002-11-18 21:48:53,,,2002-11-18 21:48:53,17,644,,
2002-12-02 21:48:53,,,2002-12-02 21:48:53,18,675555555555555,,
2002-12-16 21:48:53,,,2002-12-16 21:48:53,16,830000000000002,,
2002-12-30 21:48:53,,,2002-12-30 21:48:53,15,11875,,
2003-01-13 21:48:53,,,2003-01-13 21:48:53,15,996666666666666,,
2003-01-27 21:48:53,,,2003-01-27 21:48:53,19,703750000000003,,
2003-02-10 21:48:53,,,2003-02-10 21:48:53,20,71,,
2003-02-24 21:48:53,,,2003-02-24 21:48:53,18,128888888888888,,
2003-03-10 21:48:53,,,2003-03-10 21:48:53,19,1,,
2003-03-24 21:48:53,,,2003-03-24 21:48:53,22,143636363636364,,
2003-04-07 21:48:53,,,2003-04-07 21:48:53,18,915,,
2003-04-21 21:48:53,,,2003-04-21 21:48:53,15,93333333333334,,
2003-05-05 21:48:53,,,2003-05-05 21:48:53,15,666999999999998,,
2003-05-19 21:48:53,,,2003-05-19 21:48:53,13,311111111111112,,
2003-06-02 21:48:53,,,2003-06-02 21:48:53,16,788,,
2003-06-16 21:48:53,,,2003-06-16 21:48:53,13,926000000000002,,
2003-06-30 21:48:53,,,2003-06-30 21:48:53,14,82,,
2003-07-14 21:48:53,,,2003-07-14 21:48:53,13,698999999999998,,
2003-07-28 21:48:53,,,2003-07-28 21:48:53,16,529999999999998,,
2003-08-11 21:48:53,,,2003-08-11 21:48:53,11,26,,
2003-08-25 21:48:53,,,2003-08-25 21:48:53,10,583333333333334,,
2003-09-08 21:48:53,,,2003-09-08 21:48:53,10,257000000000001,,
2003-09-22 21:48:53,,,2003-09-22 21:48:53,12,365000000000002,,
2003-10-06 21:48:53,,,2003-10-06 21:48:53,12,338000000000001,,
2003-10-20 21:48:53,,,2003-10-20 21:48:53,10,46666666666665,,
2003-11-03 21:48:53,,,2003-11-03 21:48:53,9,597,,
2003-11-17 21:48:53,,,2003-11-17 21:48:53,9,565,,
2003-12-01 21:48:53,,,2003-12-01 21:48:53,8,997777777777777,,
2003-12-15 21:48:53,,,2003-12-15 21:48:53,8,933,,
2003-12-29 21:48:53,,,2003-12-29 21:48:53,6,654999999999999,,
2004-01-12 21:48:53,,,2004-01-12 21:48:53,8,4775,,
2004-01-26 21:48:53,,,2004-01-26 21:48:53,9,872222222222222,,
2004-02-09 21:48:53,,,2004-02-09 21:48:53,9,373000000000001,,
2004-02-23 21:48:53,,,2004-02-23 21:48:53,9,577777777777778,,
2004-03-08 21:48:53,,,2004-03-08 21:48:53,10,479000000000003,,
2004-03-22 21:48:53,,,2004-03-22 21:48:53,13,26363636363639,,
2004-04-05 21:48:53,,,2004-04-05 21:48:53,8,754444444444443,,
2004-04-19 21:48:53,,,2004-04-19 21:48:53,10,832999999999998,,
2004-05-03 21:48:53,,,2004-05-03 21:48:53,13,87,,
2004-05-17 21:48:53,,,2004-05-17 21:48:53,13,49000000000001,,
2004-05-31 21:48:53,,,2004-05-31 21:48:53,9,666666666666666,,
2004-06-14 21:48:53,,,2004-06-14 21:48:53,7,615555555555556,,
2004-06-28 21:48:53,,,2004-06-28 21:48:53,8,756666666666666,,
2004-07-12 21:48:53,,,2004-07-12 21:48:53,8,757,,
2004-07-26 21:48:53,,,2004-07-26 21:48:53,10,894,,
2004-08-09 21:48:53,,,2004-08-09 21:48:53,10,844000000000001,,
2004-08-23 21:48:53,,,2004-08-23 21:48:53,7,303,,
2004-09-06 21:48:53,,,2004-09-06 21:48:53,8,15555555555556,,
2004-09-20 21:48:53,,,2004-09-20 21:48:53,7,409000000000001,,
2004-10-04 21:48:53,,,2004-10-04 21:48:53,8,9,,
2004-10-18 21:48:53,,,2004-10-18 21:48:53,10,35,,
2004-11-01 21:48:53,,,2004-11-01 21:48:53,11,336666666666666,,
2004-11-15 21:48:53,,,2004-11-15 21:48:53,7,545,,
2004-11-29 21:48:53,,,2004-11-29 21:48:53,8,45888888888889,,
2004-12-13 21:48:53,,,2004-12-13 21:48:53,7,686,,
2004-12-27 21:48:53,,,2004-12-27 21:48:53,6,44,,
2005-01-10 21:48:53,,,2005-01-10 21:48:53,9,945999999999998,,
2005-01-24 21:48:53,,,2005-01-24 21:48:53,8,987777777777776,,
2005-02-07 21:48:53,,,2005-02-07 21:48:53,7,458,,
2005-02-21 21:48:53,,,2005-02-21 21:48:53,7,184444444444444,,
2005-03-07 21:48:53,,,2005-03-07 21:48:53,8,985000000000003,,
2005-03-21 21:48:53,,,2005-03-21 21:48:53,8,969000000000001,,
2005-04-04 21:48:53,,,2005-04-04 21:48:53,8,298,,
2005-04-18 21:48:53,,,2005-04-18 21:48:53,12,380999999999998,,
2005-05-02 21:48:53,,,2005-05-02 21:48:53,10,27,,
2005-05-16 21:48:53,,,2005-05-16 21:48:53,9,887,,
2005-05-30 21:48:53,,,2005-05-30 21:48:53,7,86666666666667,,
2005-06-13 21:48:53,,,2005-06-13 21:48:53,8,434999999999999,,
2005-06-27 21:48:53,,,2005-06-27 21:48:53,7,93333333333333,,
2005-07-11 21:48:53,,,2005-07-11 21:48:53,7,897,,
2005-07-25 21:48:53,,,2005-07-25 21:48:53,7,4879999999999995,,
2005-08-08 21:48:53,,,2005-08-08 21:48:53,8,61,,
2005-08-22 21:48:53,,,2005-08-22 21:48:53,7,836999999999999,,
2005-09-05 21:48:53,,,2005-09-05 21:48:53,8,22222222222222,,
2005-09-19 21:48:53,,,2005-09-19 21:48:53,8,523,,
2005-10-03 21:48:53,,,2005-10-03 21:48:53,9,673,,
2005-10-17 21:48:53,,,2005-10-17 21:48:53,11,431000000000001,,
2005-10-31 21:48:53,,,2005-10-31 21:48:53,9,624444444444444,,
2005-11-14 21:48:53,,,2005-11-14 21:48:53,7,2170000000000005,,
2005-11-28 21:48:53,,,2005-11-28 21:48:53,7,125555555555555,,
2005-12-12 21:48:53,,,2005-12-12 21:48:53,8,96,,
2005-12-26 21:48:53,,,2005-12-26 21:48:53,6,582222222222223,,
2006-01-09 21:48:53,,,2006-01-09 21:48:53,7,449999999999999,,
2006-01-23 21:48:53,,,2006-01-23 21:48:53,8,868888888888888,,
2006-02-06 21:48:53,,,2006-02-06 21:48:53,7,876999999999998,,
2006-02-20 21:48:53,,,2006-02-20 21:48:53,7,42,,
2006-03-06 21:48:53,,,2006-03-06 21:48:53,8,738,,
2006-03-20 21:48:53,,,2006-03-20 21:48:53,6,470909090909092,,
2006-04-03 21:48:53,,,2006-04-03 21:48:53,8,676999999999998,,
2006-04-17 21:48:53,,,2006-04-17 21:48:53,8,132222222222222,,
2006-05-01 21:48:53,,,2006-05-01 21:48:53,8,99,,
2006-05-15 21:48:53,,,2006-05-15 21:48:53,9,528,,
2006-05-29 21:48:53,,,2006-05-29 21:48:53,10,92111111111111,,
2006-06-12 21:48:53,,,2006-06-12 21:48:53,13,429000000000002,,
2006-06-26 21:48:53,,,2006-06-26 21:48:53,9,633,,
2006-07-10 21:48:53,,,2006-07-10 21:48:53,10,11111111111111,,
2006-07-24 21:48:53,,,2006-07-24 21:48:53,11,565999999999999,,
2006-08-07 21:48:53,,,2006-08-07 21:48:53,9,326999999999998,,
2006-08-21 21:48:53,,,2006-08-21 21:48:53,6,683,,
2006-09-04 21:48:53,,,2006-09-04 21:48:53,6,276666666666667,,
2006-09-18 21:48:53,,,2006-09-18 21:48:53,7,561,,
2006-10-02 21:48:53,,,2006-10-02 21:48:53,6,156000000000001,,
2006-10-16 21:48:53,,,2006-10-16 21:48:53,6,702,,
2006-10-30 21:48:53,,,2006-10-30 21:48:53,6,571111111111112,,
2006-11-13 21:48:53,,,2006-11-13 21:48:53,6,949,,
2006-11-27 21:48:53,,,2006-11-27 21:48:53,7,967777777777779,,
2006-12-11 21:48:53,,,2006-12-11 21:48:53,6,284,,
2006-12-25 21:48:53,,,2006-12-25 21:48:53,6,115555555555556,,
2007-01-08 21:48:53,,,2007-01-08 21:48:53,8,88125,,
2007-01-22 21:48:53,,,2007-01-22 21:48:53,6,254444444444445,,
2007-02-05 21:48:53,,,2007-02-05 21:48:53,6,375,,
2007-02-19 21:48:53,,,2007-02-19 21:48:53,6,11,,
2007-03-05 21:48:53,,,2007-03-05 21:48:53,14,492,,
2007-03-19 21:48:53,,,2007-03-19 21:48:53,10,821818181818184,,
2007-04-02 21:48:53,,,2007-04-02 21:48:53,8,91111111111111,,
2007-04-16 21:48:53,,,2007-04-16 21:48:53,6,973999999999998,,
2007-04-30 21:48:53,,,2007-04-30 21:48:53,6,855000000000001,,
2007-05-14 21:48:53,,,2007-05-14 21:48:53,7,889999999999999,,
2007-05-28 21:48:53,,,2007-05-28 21:48:53,7,691111111111111,,
2007-06-11 21:48:53,,,2007-06-11 21:48:53,10,39,,
2007-06-25 21:48:53,,,2007-06-25 21:48:53,11,251000000000001,,
2007-07-09 21:48:53,,,2007-07-09 21:48:53,7,7811111111111115,,
2007-07-23 21:48:53,,,2007-07-23 21:48:53,14,914999999999997,,
2007-08-06 21:48:53,,,2007-08-06 21:48:53,22,39,,
2007-08-20 21:48:53,,,2007-08-20 21:48:53,19,212,,
2007-09-03 21:48:53,,,2007-09-03 21:48:53,15,485555555555557,,
2007-09-17 21:48:53,,,2007-09-17 21:48:53,11,153,,
2007-10-01 21:48:53,,,2007-10-01 21:48:53,7,4590000000000005,,
2007-10-15 21:48:53,,,2007-10-15 21:48:53,12,25000000000002,,
2007-10-29 21:48:53,,,2007-10-29 21:48:53,14,899999999999999,,
2007-11-12 21:48:53,,,2007-11-12 21:48:53,19,62999999999995,,
2007-11-26 21:48:53,,,2007-11-26 21:48:53,19,263333333333335,,
2007-12-10 21:48:53,,,2007-12-10 21:48:53,14,995000000000001,,
2007-12-24 21:48:53,,,2007-12-24 21:48:53,12,158888888888889,,
2008-01-07 21:48:53,,,2008-01-07 21:48:53,19,785555555555554,,
2008-01-21 21:48:53,,,2008-01-21 21:48:53,26,32,,
2008-02-04 21:48:53,,,2008-02-04 21:48:53,19,872,,
2008-02-18 21:48:53,,,2008-02-18 21:48:53,16,633333333333333,,
2008-03-03 21:48:53,,,2008-03-03 21:48:53,18,44,,
2008-03-17 21:48:53,,,2008-03-17 21:48:53,27,526666666666664,,
2008-03-31 21:48:53,,,2008-03-31 21:48:53,14,871818181818183,,
2008-04-14 21:48:53,,,2008-04-14 21:48:53,12,106000000000002,,
2008-04-28 21:48:53,,,2008-04-28 21:48:53,12,410000000000002,,
2008-05-12 21:48:53,,,2008-05-12 21:48:53,11,195,,
2008-05-26 21:48:53,,,2008-05-26 21:48:53,11,443333333333333,,
2008-06-09 21:48:53,,,2008-06-09 21:48:53,16,44999999999998,,
2008-06-23 21:48:53,,,2008-06-23 21:48:53,14,237,,
2008-07-07 21:48:53,,,2008-07-07 21:48:53,21,98888888888889,,
2008-07-21 21:48:53,,,2008-07-21 21:48:53,16,875,,
2008-08-04 21:48:53,,,2008-08-04 21:48:53,17,372999999999998,,
2008-08-18 21:48:53,,,2008-08-18 21:48:53,13,780000000000001,,
2008-09-01 21:48:53,,,2008-09-01 21:48:53,16,923333333333336,,
2008-09-15 21:48:53,,,2008-09-15 21:48:53,38,734,,
2008-09-29 21:48:53,,,2008-09-29 21:48:53,41,467999999999996,,
2008-10-13 21:48:53,,,2008-10-13 21:48:53,74,143,,
2008-10-27 21:48:53,,,2008-10-27 21:48:53,64,8666666666666,,
2008-11-10 21:48:53,,,2008-11-10 21:48:53,47,962,,
2008-11-24 21:48:53,,,2008-11-24 21:48:53,55,81111111111111,,
2008-12-08 21:48:53,,,2008-12-08 21:48:53,48,95000000000006,,
2008-12-22 21:48:53,,,2008-12-22 21:48:53,24,392222222222227,,
2009-01-05 21:48:53,,,2009-01-05 21:48:53,22,55777777777778,,
2009-01-19 21:48:53,,,2009-01-19 21:48:53,35,708888888888886,,
2009-02-02 21:48:53,,,2009-02-02 21:48:53,28,433999999999997,,
2009-02-16 21:48:53,,,2009-02-16 21:48:53,31,974444444444448,,
2009-03-02 21:48:53,,,2009-03-02 21:48:53,36,105000000000004,,
2009-03-16 21:48:53,,,2009-03-16 21:48:53,31,691000000000003,,
2009-03-30 21:48:53,,,2009-03-30 21:48:53,31,62818181818182,,
2009-04-13 21:48:53,,,2009-04-13 21:48:53,25,470000000000002,,
2009-04-27 21:48:53,,,2009-04-27 21:48:53,24,79,,
2009-05-11 21:48:53,,,2009-05-11 21:48:53,19,945,,
2009-05-25 21:48:53,,,2009-05-25 21:48:53,24,16666666666667,,
2009-06-08 21:48:53,,,2009-06-08 21:48:53,17,264000000000003,,
2009-06-22 21:48:53,,,2009-06-22 21:48:53,16,33,,
2009-07-06 21:48:53,,,2009-07-06 21:48:53,17,83222222222222,,
2009-07-20 21:48:53,,,2009-07-20 21:48:53,13,787,,
2009-08-03 21:48:53,,,2009-08-03 21:48:53,14,88000000000003,,
2009-08-17 21:48:53,,,2009-08-17 21:48:53,16,529000000000003,,
2009-08-31 21:48:53,,,2009-08-31 21:48:53,14,275555555555554,,
2009-09-14 21:48:53,,,2009-09-14 21:48:53,10,96,,
2009-09-28 21:48:53,,,2009-09-28 21:48:53,15,656,,
2009-10-12 21:48:53,,,2009-10-12 21:48:53,11,85999999999999,,
2009-10-26 21:48:53,,,2009-10-26 21:48:53,17,462222222222223,,
2009-11-09 21:48:53,,,2009-11-09 21:48:53,14,948999999999998,,
2009-11-23 21:48:53,,,2009-11-23 21:48:53,14,45555555555556,,
2009-12-07 21:48:53,,,2009-12-07 21:48:53,13,34,,
2009-12-21 21:48:53,,,2009-12-21 21:48:53,8,26,,
2010-01-04 21:48:53,,,2010-01-04 21:48:53,7,632222222222222,,
2010-01-18 21:48:53,,,2010-01-18 21:48:53,13,139999999999999,,
2010-02-01 21:48:53,,,2010-02-01 21:48:53,16,923000000000002,,
2010-02-15 21:48:53,,,2010-02-15 21:48:53,13,437777777777779,,
2010-03-01 21:48:53,,,2010-03-01 21:48:53,10,318,,
2010-03-15 21:48:53,,,2010-03-15 21:48:53,7,975,,
2010-03-29 21:48:53,,,2010-03-29 21:48:53,9,587,,
2010-04-12 21:48:53,,,2010-04-12 21:48:53,9,4,,
2010-04-26 21:48:53,,,2010-04-26 21:48:53,12,448000000000002,,
2010-05-10 21:48:53,,,2010-05-10 21:48:53,26,315000000000005,,
2010-05-24 21:48:53,,,2010-05-24 21:48:53,25,415555555555553,,
2010-06-07 21:48:53,,,2010-06-07 21:48:53,21,44999999999998,,
2010-06-21 21:48:53,,,2010-06-21 21:48:53,14,226000000000003,,
2010-07-05 21:48:53,,,2010-07-05 21:48:53,19,13,,
2010-07-19 21:48:53,,,2010-07-19 21:48:53,18,3,,
2010-08-02 21:48:53,,,2010-08-02 21:48:53,12,24,,
2010-08-16 21:48:53,,,2010-08-16 21:48:53,14,718,,
2010-08-30 21:48:53,,,2010-08-30 21:48:53,15,821111111111113,,
2010-09-13 21:48:53,,,2010-09-13 21:48:53,10,33,,
2010-09-27 21:48:53,,,2010-09-27 21:48:53,12,672,,
2010-10-11 21:48:53,,,2010-10-11 21:48:53,9,777,,
2010-10-25 21:48:53,,,2010-10-25 21:48:53,10,717777777777778,,
2010-11-08 21:48:53,,,2010-11-08 21:48:53,10,453,,
2010-11-22 21:48:53,,,2010-11-22 21:48:53,11,443333333333335,,
2010-12-06 21:48:53,,,2010-12-06 21:48:53,9,780999999999997,,
2010-12-20 21:48:53,,,2010-12-20 21:48:53,5,566666666666666,,
2011-01-03 21:48:53,,,2011-01-03 21:48:53,6,583,,
2011-01-17 21:48:53,,,2011-01-17 21:48:53,7,165555555555555,,
2011-01-31 21:48:53,,,2011-01-31 21:48:53,8,522,,
2011-02-14 21:48:53,,,2011-02-14 21:48:53,6,706,,
2011-02-28 21:48:53,,,2011-02-28 21:48:53,12,62888888888889,,
2011-03-14 21:48:53,,,2011-03-14 21:48:53,15,747,,
2011-03-28 21:48:53,,,2011-03-28 21:48:53,7,929090909090909,,
2011-04-11 21:48:53,,,2011-04-11 21:48:53,9,43000000000001,,
2011-04-25 21:48:53,,,2011-04-25 21:48:53,6,804444444444445,,
2011-05-09 21:48:53,,,2011-05-09 21:48:53,11,331999999999999,,
2011-05-23 21:48:53,,,2011-05-23 21:48:53,9,568888888888889,,
2011-06-06 21:48:53,,,2011-06-06 21:48:53,12,56000000000001,,
2011-06-20 21:48:53,,,2011-06-20 21:48:53,13,501,,
2011-07-04 21:48:53,,,2011-07-04 21:48:53,12,185555555555556,,
2011-07-18 21:48:53,,,2011-07-18 21:48:53,12,405000000000003,,
2011-08-01 21:48:53,,,2011-08-01 21:48:53,25,733999999999998,,
2011-08-15 21:48:53,,,2011-08-15 21:48:53,36,62,,
2011-08-29 21:48:53,,,2011-08-29 21:48:53,23,874444444444446,,
2011-09-12 21:48:53,,,2011-09-12 21:48:53,23,649000000000004,,
2011-09-26 21:48:53,,,2011-09-26 21:48:53,28,889,,
2011-10-10 21:48:53,,,2011-10-10 21:48:53,23,654999999999998,,
2011-10-24 21:48:53,,,2011-10-24 21:48:53,19,83111111111111,,
2011-11-07 21:48:53,,,2011-11-07 21:48:53,23,48,,
2011-11-21 21:48:53,,,2011-11-21 21:48:53,19,9444444444445,,
2011-12-05 21:48:53,,,2011-12-05 21:48:53,21,116,,
2011-12-19 21:48:53,,,2011-12-19 21:48:53,16,213,,
2012-01-02 21:48:53,,,2012-01-02 21:48:53,11,4325,,
2012-01-16 21:48:53,,,2012-01-16 21:48:53,9,683333333333334,,
2012-01-30 21:48:53,,,2012-01-30 21:48:53,11,207,,
2012-02-13 21:48:53,,,2012-02-13 21:48:53,8,784000000000002,,
2012-02-27 21:48:53,,,2012-02-27 21:48:53,7,780000000000001,,
2012-03-12 21:48:53,,,2012-03-12 21:48:53,8,498999999999999,,
2012-03-26 21:48:53,,,2012-03-26 21:48:53,8,764545454545454,,
2012-04-09 21:48:53,,,2012-04-09 21:48:53,12,103333333333333,,
2012-04-23 21:48:53,,,2012-04-23 21:48:53,10,443999999999999,,
2012-05-07 21:48:53,,,2012-05-07 21:48:53,12,907,,
2012-05-21 21:48:53,,,2012-05-21 21:48:53,13,124444444444443,,
2012-06-04 21:48:53,,,2012-06-04 21:48:53,15,831000000000003,,
2012-06-18 21:48:53,,,2012-06-18 21:48:53,12,785,,
2012-07-02 21:48:53,,,2012-07-02 21:48:53,12,636666666666665,,
2012-07-16 21:48:53,,,2012-07-16 21:48:53,13,338,,
2012-07-30 21:48:53,,,2012-07-30 21:48:53,13,363,,
2012-08-13 21:48:53,,,2012-08-13 21:48:53,6,148000000000001,,
2012-08-27 21:48:53,,,2012-08-27 21:48:53,8,475555555555555,,
2012-09-10 21:48:53,,,2012-09-10 21:48:53,9,17999999999999,,
2012-09-24 21:48:53,,,2012-09-24 21:48:53,8,849,,
2012-10-08 21:48:53,,,2012-10-08 21:48:53,8,427,,
2012-10-22 21:48:53,,,2012-10-22 21:48:53,11,247777777777777,,
2012-11-05 21:48:53,,,2012-11-05 21:48:53,12,655000000000001,,
2012-11-19 21:48:53,,,2012-11-19 21:48:53,12,19111111111111,,
2012-12-03 21:48:53,,,2012-12-03 21:48:53,9,29,,
2012-12-17 21:48:53,,,2012-12-17 21:48:53,9,118,,
2012-12-31 21:48:53,,,2012-12-31 21:48:53,12,10625,,
2013-01-14 21:48:53,,,2013-01-14 21:48:53,6,418000000000001,,
2013-01-28 21:48:53,,,2013-01-28 21:48:53,6,513333333333333,,
2013-02-11 21:48:53,,,2013-02-11 21:48:53,7,129,,
2013-02-25 21:48:53,,,2013-02-25 21:48:53,11,1,,
2013-03-11 21:48:53,,,2013-03-11 21:48:53,6,261,,
2013-03-25 21:48:53,,,2013-03-25 21:48:53,9,45000000000002,,
2013-04-08 21:48:53,,,2013-04-08 21:48:53,9,906,,
2013-04-22 21:48:53,,,2013-04-22 21:48:53,10,65000000000001,,
2013-05-06 21:48:53,,,2013-05-06 21:48:53,7,8,,
2013-05-20 21:48:53,,,2013-05-20 21:48:53,10,84444444444445,,
2013-06-03 21:48:53,,,2013-06-03 21:48:53,12,182,,
2013-06-17 21:48:53,,,2013-06-17 21:48:53,14,669999999999998,,
2013-07-01 21:48:53,,,2013-07-01 21:48:53,11,15555555555556,,
2013-07-15 21:48:53,,,2013-07-15 21:48:53,6,1579999999999995,,
2013-07-29 21:48:53,,,2013-07-29 21:48:53,7,5649999999999995,,
2013-08-12 21:48:53,,,2013-08-12 21:48:53,7,813,,
2013-08-26 21:48:53,,,2013-08-26 21:48:53,8,335555555555556,,
2013-09-09 21:48:53,,,2013-09-09 21:48:53,8,572,,
2013-09-23 21:48:53,,,2013-09-23 21:48:53,8,461000000000002,,
2013-10-07 21:48:53,,,2013-10-07 21:48:53,10,664,,
2013-10-21 21:48:53,,,2013-10-21 21:48:53,7,497777777777778,,
2013-11-04 21:48:53,,,2013-11-04 21:48:53,7,822,,
2013-11-18 21:48:53,,,2013-11-18 21:48:53,5,86,,
2013-12-02 21:48:53,,,2013-12-02 21:48:53,7,17,,
2013-12-16 21:48:53,,,2013-12-16 21:48:53,8,223,,
2013-12-30 21:48:53,,,2013-12-30 21:48:53,4,50625,,
2014-01-13 21:48:53,,,2014-01-13 21:48:53,6,962000000000001,,
2014-01-27 21:48:53,,,2014-01-27 21:48:53,11,33222222222222,,
2014-02-10 21:48:53,,,2014-02-10 21:48:53,9,288,,
2014-02-24 21:48:53,,,2014-02-24 21:48:53,8,444444444444445,,
2014-03-10 21:48:53,,,2014-03-10 21:48:53,8,947,,
2014-03-24 21:48:53,,,2014-03-24 21:48:53,10,76090909090909,,
2014-04-07 21:48:53,,,2014-04-07 21:48:53,10,163,,
2014-04-21 21:48:53,,,2014-04-21 21:48:53,9,149999999999999,,
2014-05-05 21:48:53,,,2014-05-05 21:48:53,8,184999999999999,,
2014-05-19 21:48:53,,,2014-05-19 21:48:53,6,58,,
2014-06-02 21:48:53,,,2014-06-02 21:48:53,4,891,,
2014-06-16 21:48:53,,,2014-06-16 21:48:53,5,414000000000001,,
2014-06-30 21:48:53,,,2014-06-30 21:48:53,5,75,,
2014-07-14 21:48:53,,,2014-07-14 21:48:53,7,176,,
2014-07-28 21:48:53,,,2014-07-28 21:48:53,7,858999999999999,,
2014-08-11 21:48:53,,,2014-08-11 21:48:53,8,120000000000001,,
2014-08-25 21:48:53,,,2014-08-25 21:48:53,4,673333333333334,,
2014-09-08 21:48:53,,,2014-09-08 21:48:53,6,786,,
2014-09-22 21:48:53,,,2014-09-22 21:48:53,8,597000000000001,,
2014-10-06 21:48:53,,,2014-10-06 21:48:53,14,615,,
2014-10-20 21:48:53,,,2014-10-20 21:48:53,14,964444444444446,,
2014-11-03 21:48:53,,,2014-11-03 21:48:53,7,921000000000001,,
2014-11-17 21:48:53,,,2014-11-17 21:48:53,5,849,,
2014-12-01 21:48:53,,,2014-12-01 21:48:53,5,585555555555556,,
2014-12-15 21:48:53,,,2014-12-15 21:48:53,15,735,,
2014-12-29 21:48:53,,,2014-12-29 21:48:53,6,165,,
2015-01-12 21:48:53,,,2015-01-12 21:48:53,16,393,,
2015-01-26 21:48:53,,,2015-01-26 21:48:53,13,31111111111112,,
2015-02-09 21:48:53,,,2015-02-09 21:48:53,10,606,,
2015-02-23 21:48:53,,,2015-02-23 21:48:53,6,191111111111113,,
2015-03-09 21:48:53,,,2015-03-09 21:48:53,9,404,,
2015-03-23 21:48:53,,,2015-03-23 21:48:53,10,435454545454546,,
2015-04-06 21:48:53,,,2015-04-06 21:48:53,8,615555555555554,,
2015-04-20 21:48:53,,,2015-04-20 21:48:53,7,662000000000001,,
2015-05-04 21:48:53,,,2015-05-04 21:48:53,9,831,,
2015-05-18 21:48:53,,,2015-05-18 21:48:53,6,582222222222223,,
2015-06-01 21:48:53,,,2015-06-01 21:48:53,8,383999999999999,,
2015-06-15 21:48:53,,,2015-06-15 21:48:53,8,407999999999998,,
2015-06-29 21:48:53,,,2015-06-29 21:48:53,8,19888888888889,,
2015-07-13 21:48:53,,,2015-07-13 21:48:53,9,654,,
2015-07-27 21:48:53,,,2015-07-27 21:48:53,7,677,,
2015-08-10 21:48:53,,,2015-08-10 21:48:53,9,846000000000002,,
2015-08-24 21:48:53,,,2015-08-24 21:48:53,26,776999999999997,,
2015-09-07 21:48:53,,,2015-09-07 21:48:53,18,51,,
2015-09-21 21:48:53,,,2015-09-21 21:48:53,15,440000000000001,,
2015-10-05 21:48:53,,,2015-10-05 21:48:53,14,208000000000002,,
2015-10-19 21:48:53,,,2015-10-19 21:48:53,9,99,,
2015-11-02 21:48:53,,,2015-11-02 21:48:53,8,837,,
2015-11-16 21:48:53,,,2015-11-16 21:48:53,10,14,,
2015-11-30 21:48:53,,,2015-11-30 21:48:53,9,21888888888889,,
2015-12-14 21:48:53,,,2015-12-14 21:48:53,15,814000000000002,,
2015-12-28 21:48:53,,,2015-12-28 21:48:53,9,11,,
2016-01-11 21:48:53,,,2016-01-11 21:48:53,22,681999999999995,,
2016-01-25 21:48:53,,,2016-01-25 21:48:53,21,23111111111111,,
2016-02-08 21:48:53,,,2016-02-08 21:48:53,20,724,,
2016-02-22 21:48:53,,,2016-02-22 21:48:53,13,176666666666666,,
2016-03-07 21:48:53,,,2016-03-07 21:48:53,11,565000000000001,,
2016-03-21 21:48:53,,,2016-03-21 21:48:53,7,8199999999999985,,
2016-04-04 21:48:53,,,2016-04-04 21:48:53,10,24,,
2016-04-18 21:48:53,,,2016-04-18 21:48:53,7,53,,
2016-05-02 21:48:53,,,2016-05-02 21:48:53,9,4,,
2016-05-16 21:48:53,,,2016-05-16 21:48:53,9,69,,
2016-05-30 21:48:53,,,2016-05-30 21:48:53,7,406666666666666,,
2016-06-13 21:48:53,,,2016-06-13 21:48:53,8,910000000000002,,
2016-06-27 21:48:53,,,2016-06-27 21:48:53,13,165555555555555,,
2016-07-11 21:48:53,,,2016-07-11 21:48:53,7,25,,
2016-07-25 21:48:53,,,2016-07-25 21:48:53,5,92,,
2016-08-08 21:48:53,,,2016-08-08 21:48:53,5,64,,
2016-08-22 21:48:53,,,2016-08-22 21:48:53,6,492999999999999,,
2016-09-05 21:48:53,,,2016-09-05 21:48:53,7,152222222222221,,
2016-09-19 21:48:53,,,2016-09-19 21:48:53,9,8000000000001,,
2016-10-03 21:48:53,,,2016-10-03 21:48:53,8,367999999999999,,
2016-10-17 21:48:53,,,2016-10-17 21:48:53,7,294,,
2016-10-31 21:48:53,,,2016-10-31 21:48:53,7,615555555555556,,
2016-11-14 21:48:53,,,2016-11-14 21:48:53,9,28000000000002,,
2016-11-28 21:48:53,,,2016-11-28 21:48:53,5,224444444444445,,
2016-12-12 21:48:53,,,2016-12-12 21:48:53,6,917999999999999,,
2016-12-26 21:48:53,,,2016-12-26 21:48:53,4,834444444444444,,
2017-01-09 21:48:53,,,2017-01-09 21:48:53,6,432222222222222,,
2017-01-23 21:48:53,,,2017-01-23 21:48:53,4,726666666666667,,
2017-02-06 21:48:53,,,2017-02-06 21:48:53,5,21,,
2017-02-20 21:48:53,,,2017-02-20 21:48:53,4,6433333333333335,,
2017-03-06 21:48:53,,,2017-03-06 21:48:53,5,167,,
2017-03-20 21:48:53,,,2017-03-20 21:48:53,6,635454545454545,,
2017-04-03 21:48:53,,,2017-04-03 21:48:53,6,745000000000002,,
2017-04-17 21:48:53,,,2017-04-17 21:48:53,6,5111111111111,,
2017-05-01 21:48:53,,,2017-05-01 21:48:53,4,736,,
2017-05-15 21:48:53,,,2017-05-15 21:48:53,5,609,,
2017-05-29 21:48:53,,,2017-05-29 21:48:53,3,"9,83333333333332E+015",,
2017-06-12 21:48:53,,,2017-06-12 21:48:53,5,504,,
2017-06-26 21:48:53,,,2017-06-26 21:48:53,6,48,,
2017-07-10 21:48:53,,,2017-07-10 21:48:53,4,813333333333333,,
2017-07-24 21:48:53,,,2017-07-24 21:48:53,3,935,,
2017-08-07 21:48:53,,,2017-08-07 21:48:53,5,119000000000001,,
2017-08-21 21:48:53,,,2017-08-21 21:48:53,6,84999999999999,,
2017-09-04 21:48:53,,,2017-09-04 21:48:53,4,776666666666667,,
2017-09-18 21:48:53,,,2017-09-18 21:48:53,3,659,,
2017-10-02 21:48:53,,,2017-10-02 21:48:53,3,3289999999999993,,
2017-10-16 21:48:53,,,2017-10-16 21:48:53,3,143,,
2017-10-30 21:48:53,,,2017-10-30 21:48:53,4,"9,65555555555556E+015",,
2017-11-13 21:48:53,,,2017-11-13 21:48:53,4,7379999999999995,,
2017-11-27 21:48:53,,,2017-11-27 21:48:53,5,815555555555554,,
2017-12-11 21:48:53,,,2017-12-11 21:48:53,5,75999999999999,,
2017-12-25 21:48:53,,,2017-12-25 21:48:53,3,7222222222222223,,
2018-01-08 21:48:53,,,2018-01-08 21:48:53,4,557777777777777,,
2018-01-22 21:48:53,,,2018-01-22 21:48:53,6,57,,
2018-02-05 21:48:53,,,2018-02-05 21:48:53,22,462,,
2018-02-19 21:48:53,,,2018-02-19 21:48:53,12,716666666666667,,
2018-03-05 21:48:53,,,2018-03-05 21:48:53,12,931000000000001,,
2018-03-19 21:48:53,,,2018-03-19 21:48:53,12,391818181818184,,
2018-04-02 21:48:53,,,2018-04-02 21:48:53,18,55111111111111,,
2018-04-16 21:48:53,,,2018-04-16 21:48:53,9,559000000000001,,
2018-04-30 21:48:53,,,2018-04-30 21:48:53,12,160999999999998,,
2018-05-14 21:48:53,,,2018-05-14 21:48:53,7,3740000000000006,,
2018-05-28 21:48:53,,,2018-05-28 21:48:53,7,87,,
2018-06-11 21:48:53,,,2018-06-11 21:48:53,5,"9,67E+015",,
2018-06-25 21:48:53,,,2018-06-25 21:48:53,9,303,,
2018-07-09 21:48:53,,,2018-07-09 21:48:53,5,791111111111111,,
2018-07-23 21:48:53,,,2018-07-23 21:48:53,6,181111111111111,,
2018-08-06 21:48:53,,,2018-08-06 21:48:53,5,401999999999999,,
2018-08-20 21:48:53,,,2018-08-20 21:48:53,5,542,,
2018-09-03 21:48:53,,,2018-09-03 21:48:53,6,372222222222223,,
2018-09-17 21:48:53,,,2018-09-17 21:48:53,5,268000000000001,,
2018-10-01 21:48:53,,,2018-10-01 21:48:53,7,35,,
2018-10-15 21:48:53,,,2018-10-15 21:48:53,16,881,,
2018-10-29 21:48:53,,,2018-10-29 21:48:53,20,53333333333335,,
2018-11-12 21:48:53,,,2018-11-12 21:48:53,13,906,,
2018-11-26 21:48:53,,,2018-11-26 21:48:53,12,622222222222224,,
2018-12-10 21:48:53,,,2018-12-10 21:48:53,19,454444444444444,,
2018-12-24 21:48:53,,,2018-12-24 21:48:53,27,825555555555557,,
2019-01-07 21:48:53,,,2019-01-07 21:48:53,15,464444444444446,,
2019-01-21 21:48:53,,,2019-01-21 21:48:53,10,23111111111111,,
2019-02-04 21:48:53,,,2019-02-04 21:48:53,9,651,,
2019-02-18 21:48:53,,,2019-02-18 21:48:53,7,162222222222223,,
2019-03-04 21:48:53,,,2019-03-04 21:48:53,8,388,,
2019-03-18 21:48:53,,,2019-03-18 21:48:53,8,527,,
2019-04-01 21:48:53,,,2019-04-01 21:48:53,7,588181818181818,,
2019-04-15 21:48:53,,,2019-04-15 21:48:53,5,294444444444445,,
2019-04-29 21:48:53,,,2019-04-29 21:48:53,7,120000000000005,,
2019-05-13 21:48:53,,,2019-05-13 21:48:53,13,4999999999999,,
2019-05-27 21:48:53,,,2019-05-27 21:48:53,10,285555555555556,,
2019-06-10 21:48:53,,,2019-06-10 21:48:53,7,678,,
2019-06-24 21:48:53,,,2019-06-24 21:48:53,7,151111111111111,,
2019-07-08 21:48:53,,,2019-07-08 21:48:53,5,345555555555556,,
2019-07-22 21:48:53,,,2019-07-22 21:48:53,5,874,,
2019-08-05 21:48:53,,,2019-08-05 21:48:53,14,49,,
2019-08-19 21:48:53,,,2019-08-19 21:48:53,13,577000000000002,,
2019-09-02 21:48:53,,,2019-09-02 21:48:53,8,374444444444443,,
2019-09-16 21:48:53,,,2019-09-16 21:48:53,7,275000000000001,,
2019-09-30 21:48:53,,,2019-09-30 21:48:53,12,17,,
2019-10-14 21:48:53,,,2019-10-14 21:48:53,8,248000000000001,,
2019-10-28 21:48:53,,,2019-10-28 21:48:53,6,363333333333333,,
2019-11-11 21:48:53,,,2019-11-11 21:48:53,4,953000000000001,,
2019-11-25 21:48:53,,,2019-11-25 21:48:53,4,8275,,
2019-12-09 21:48:53,,,2019-12-09 21:48:53,7,146000000000001,,
2019-12-23 21:48:53,,,2019-12-23 21:48:53,3,3125000000000004,,
2020-01-06 21:48:53,,,2020-01-06 21:48:53,6,891111111111112,,
2020-01-20 21:48:53,,,2020-01-20 21:48:53,6,223333333333334,,
2020-02-03 21:48:53,,,2020-02-03 21:48:53,9,177999999999999,,
2020-02-17 21:48:53,,,2020-02-17 21:48:53,7,372222222222222,,
2020-03-02 21:48:53,,,2020-03-02 21:48:53,33,858000000000004,,
2020-03-16 21:48:53,,,2020-03-16 21:48:53,72,166,,
2020-03-30 21:48:53,,,2020-03-30 21:48:53,40,78545454545454,,
2020-04-13 21:48:53,,,2020-04-13 21:48:53,22,87333333333333,,
2020-04-27 21:48:53,,,2020-04-27 21:48:53,16,48,,
2020-05-11 21:48:53,,,2020-05-11 21:48:53,16,467000000000002,,
2020-05-25 21:48:53,,,2020-05-25 21:48:53,13,105555555555556,,
2020-06-08 21:48:53,,,2020-06-08 21:48:53,16,778000000000002,,
2020-06-22 21:48:53,,,2020-06-22 21:48:53,17,711111111111112,,
2020-07-06 21:48:53,,,2020-07-06 21:48:53,13,744444444444447,,
2020-07-20 21:48:53,,,2020-07-20 21:48:53,11,422222222222224,,
2020-08-03 21:48:53,,,2020-08-03 21:48:53,9,608,,
2020-08-17 21:48:53,,,2020-08-17 21:48:53,7,6755555555555555,,
2020-08-31 21:48:53,,,2020-08-31 21:48:53,14,458749999999998,,
2020-09-14 21:48:53,,,2020-09-14 21:48:53,16,698999999999995,,
2020-09-28 21:48:53,,,2020-09-28 21:48:53,15,719999999999999,,
2020-10-12 21:48:53,,,2020-10-12 21:48:53,12,7,,
2020-10-26 21:48:53,,,2020-10-26 21:48:53,16,191111111111113,,
2020-11-09 21:48:53,,,2020-11-09 21:48:53,16,37,,
2020-11-23 21:48:53,,,2020-11-23 21:48:53,8,901111111111112,,
2020-12-07 21:48:53,,,2020-12-07 21:48:53,8,208,,
2020-12-21 21:48:53,,,2020-12-21 21:48:53,8,52,,
2021-01-04 21:48:53,,,2021-01-04 21:48:53,10,562222222222223,,
2021-01-18 21:48:53,,,2021-01-18 21:48:53,8,17,,
2021-02-01 21:48:53,,,2021-02-01 21:48:53,13,904,,
2021-02-15 21:48:53,,,2021-02-15 21:48:53,8,46666666666669,,
2021-02-22 00:00:00,14,28,0,2,2021-02-22 00:00:00,14,28
